Mark, Time, AmbTemp, AmbStdv, IR Temp, IR Stdv
,702534.5,-24.6426666667,0.122227474635,-26.3766666667,0.472358150371
